Datetime,Water Level (m)
2026-07-19 18:00:00,0.8853301
2026-07-19 19:00:00,0.9383334
2026-07-19 20:00:00,0.8506501
2026-07-19 21:00:00,0.63708067
2026-07-19 22:00:00,0.35387
2026-07-19 23:00:00,0.096236534
2026-07-20 00:00:00,-0.06335807
2026-07-20 01:00:00,-0.08601557
2026-07-20 02:00:00,0.044893336
2026-07-20 03:00:00,0.28640968
2026-07-20 04:00:00,0.5766667
2026-07-20 05:00:00,0.8303922
2026-07-20 06:00:00,0.98107445
2026-07-20 07:00:00,1.0078151
2026-07-20 08:00:00,0.9036304
2026-07-20 09:00:00,0.69389164
2026-07-20 10:00:00,0.41508052
2026-07-20 11:00:00,0.13511698
2026-07-20 12:00:00,-0.08465077
2026-07-20 13:00:00,-0.18631789
2026-07-20 14:00:00,-0.15069525
2026-07-20 15:00:00,0.010664594
2026-07-20 16:00:00,0.27058116
2026-07-20 17:00:00,0.5387571
2026-07-20 18:00:00,0.74940336
2026-07-20 19:00:00,0.8629986
2026-07-20 20:00:00,0.86311716
2026-07-20 21:00:00,0.7587193
2026-07-20 22:00:00,0.5733565
2026-07-20 23:00:00,0.35596302
2026-07-21 00:00:00,0.17408763
2026-07-21 01:00:00,0.080735505
2026-07-21 02:00:00,0.08695774
2026-07-21 03:00:00,0.20368125
2026-07-21 04:00:00,0.40131745
2026-07-21 05:00:00,0.6175034
2026-07-21 06:00:00,0.79886985
2026-07-21 07:00:00,0.8902807
2026-07-21 08:00:00,0.87908155
2026-07-21 09:00:00,0.785489
2026-07-21 10:00:00,0.57972556
2026-07-21 11:00:00,0.34508994
2026-07-21 12:00:00,0.1283033
2026-07-21 13:00:00,-0.02523217
2026-07-21 14:00:00,-0.08686535
2026-07-21 15:00:00,-0.030146424
2026-07-21 16:00:00,0.12314638
2026-07-21 17:00:00,0.3351465
2026-07-21 18:00:00,0.54670197
2026-07-21 19:00:00,0.7102456
2026-07-21 20:00:00,0.79465157
2026-07-21 21:00:00,0.783293
2026-07-21 22:00:00,0.698712
2026-07-21 23:00:00,0.55311996
2026-07-22 00:00:00,0.3793101
2026-07-22 01:00:00,0.24619476
2026-07-22 02:00:00,0.1654116
2026-07-22 03:00:00,0.1709874
2026-07-22 04:00:00,0.24554484
2026-07-22 05:00:00,0.39567816
2026-07-22 06:00:00,0.5412068
2026-07-22 07:00:00,0.6564865
2026-07-22 08:00:00,0.7004817
2026-07-22 09:00:00,0.668463
2026-07-22 10:00:00,0.5599002
2026-07-22 11:00:00,0.407745
2026-07-22 12:00:00,0.23078969
2026-07-22 13:00:00,0.071392186
2026-07-22 14:00:00,-0.034387708
2026-07-22 15:00:00,-0.054547444
2026-07-22 16:00:00,-0.0007607975
2026-07-22 17:00:00,0.12791245
2026-07-22 18:00:00,0.307809
2026-07-22 19:00:00,0.49037912
2026-07-22 20:00:00,0.62439775
2026-07-22 21:00:00,0.70869255
2026-07-22 22:00:00,0.7157748
2026-07-22 23:00:00,0.6574418
2026-07-23 00:00:00,0.54808927
2026-07-23 01:00:00,0.42150408
2026-07-23 02:00:00,0.30844027
2026-07-23 03:00:00,0.24025169
2026-07-23 04:00:00,0.22260083
2026-07-23 05:00:00,0.27268198
2026-07-23 06:00:00,0.35734594
2026-07-23 07:00:00,0.45417267
2026-07-23 08:00:00,0.5199512
2026-07-23 09:00:00,0.5537766
2026-07-23 10:00:00,0.5388911
2026-07-23 11:00:00,0.4691883
2026-07-23 12:00:00,0.36133096
2026-07-23 13:00:00,0.22034451
2026-07-23 14:00:00,0.08918459
2026-07-23 15:00:00,-0.0032446743
2026-07-23 16:00:00,-0.031637553
2026-07-23 17:00:00,0.006971703
2026-07-23 18:00:00,0.11571304
2026-07-23 19:00:00,0.27518898
2026-07-23 20:00:00,0.44206762
2026-07-23 21:00:00,0.5802343
2026-07-23 22:00:00,0.6692378
2026-07-23 23:00:00,0.7029522
2026-07-24 00:00:00,0.66988224
2026-07-24 01:00:00,0.5939391
2026-07-24 02:00:00,0.47790244
2026-07-24 03:00:00,0.37059647
2026-07-24 04:00:00,0.2801363
2026-07-24 05:00:00,0.22641255
2026-07-24 06:00:00,0.22590187
2026-07-24 07:00:00,0.2881147
2026-07-24 08:00:00,0.36341363
2026-07-24 09:00:00,0.4373901
2026-07-24 10:00:00,0.49050352
2026-07-24 11:00:00,0.49820125
2026-07-24 12:00:00,0.45464286
2026-07-24 13:00:00,0.36287814
2026-07-24 14:00:00,0.24123123
2026-07-24 15:00:00,0.11283672
2026-07-24 16:00:00,0.013826829
2026-07-24 17:00:00,-0.03704419
2026-07-24 18:00:00,-0.015862461
2026-07-24 19:00:00,0.087694444
2026-07-24 20:00:00,0.24663976
2026-07-24 21:00:00,0.42600772
2026-07-24 22:00:00,0.58551055
2026-07-24 23:00:00,0.70742416
2026-07-25 00:00:00,0.76095146
2026-07-25 01:00:00,0.7401324
2026-07-25 02:00:00,0.6547109
2026-07-25 03:00:00,0.52410555
2026-07-25 04:00:00,0.38165596
2026-07-25 05:00:00,0.2543459
2026-07-25 06:00:00,0.17229342
2026-07-25 07:00:00,0.15807495
2026-07-25 08:00:00,0.20555155
2026-07-25 09:00:00,0.29701945
2026-07-25 10:00:00,0.39338392
2026-07-25 11:00:00,0.4729338
2026-07-25 12:00:00,0.5114719
2026-07-25 13:00:00,0.48400846
2026-07-25 14:00:00,0.39179865
2026-07-25 15:00:00,0.2540967
2026-07-25 16:00:00,0.10501914
2026-07-25 17:00:00,-0.020543719
2026-07-25 18:00:00,-0.086165145
